{"state":{"isStdOutTTY":true,"isStdErrTTY":true,"testRunDurationMs":130102.423},"metrics":{"iterations":{"type":"counter","contains":"default","values":{"rate":29.115522314292335,"count":3788}},"http_reqs":{"contains":"default","values":{"count":7576,"rate":58.23104462858467},"type":"counter"},"dropped_iterations":{"contains":"default","values":{"count":12,"rate":0.09223502317093665},"type":"counter"},"http_req_connecting":{"type":"trend","contains":"time","values":{"avg":0.3712022175290392,"min":0,"med":0,"max":84.833,"p(90)":0,"p(95)":0}},"http_req_duration":{"type":"trend","contains":"time","values":{"min":41.46,"med":49.817499999999995,"max":302.182,"p(90)":55.578500000000005,"p(95)":58.14725,"avg":51.11868294614555}},"http_req_sending":{"values":{"avg":0.05902587117212188,"min":0.003,"med":0.033,"max":14.01,"p(90)":0.068,"p(95)":0.085},"type":"trend","contains":"time"},"data_sent":{"type":"counter","contains":"data","values":{"count":945208,"rate":7265.10681511289}},"iteration_duration":{"contains":"time","values":{"max":823.439458,"p(90)":110.7200749,"p(95)":114.97352555,"avg":105.7382295839494,"min":90.293833,"med":101.998125},"type":"trend"},"vus":{"type":"gauge","contains":"default","values":{"value":10,"min":6,"max":10}},"http_req_tls_handshaking":{"type":"trend","contains":"time","values":{"avg":0.5414318901795142,"min":0,"med":0,"max":584.352,"p(90)":0,"p(95)":0}},"vus_max":{"contains":"default","values":{"value":10,"min":6,"max":10},"type":"gauge"},"http_req_receiving":{"type":"trend","contains":"time","values":{"min":0.009,"med":0.118,"max":15.067,"p(90)":0.256,"p(95)":0.33424999999999966,"avg":0.17599089229144774}},"http_req_duration{expected_response:true}":{"contains":"time","values":{"min":41.46,"med":49.817,"max":302.182,"p(90)":55.583600000000004,"p(95)":58.1474,"avg":51.11863039746451},"type":"trend"},"data_received":{"type":"counter","contains":"data","values":{"count":4813480,"rate":36997.61994440335}},"http_req_waiting":{"type":"trend","contains":"time","values":{"med":49.5965,"max":302.158,"p(90)":55.228,"p(95)":57.808499999999995,"avg":50.88366618268203,"min":41.195}},"http_req_blocked":{"type":"trend","contains":"time","values":{"avg":0.9277910506863755,"min":0,"med":0.008,"max":635.384,"p(90)":0.017,"p(95)":0.019}},"http_req_failed":{"type":"rate","contains":"default","values":{"rate":0.00039598732840549105,"passes":3,"fails":7573}}},"root_group":{"name":"","path":"","id":"d41d8cd98f00b204e9800998ecf8427e","groups":[],"checks":[]},"options":{"summaryTrendStats":["avg","min","med","max","p(90)","p(95)"],"summaryTimeUnit":"","noColor":false}}